,fixed acidity,volatile acidity,citric acid,residual sugar,chlorides,free sulfur dioxide,total sulfur dioxide,density,pH,sulphates,alcohol,e,quality
182,7.2,0.73,0.02,2.5,0.076,16.0,42.0,0.9972,3.44,0.52,9.3,0.5028437141957051,5
553,5.0,1.04,0.24,1.6,0.05,32.0,96.0,0.9934,3.74,0.62,11.5,-1.723700183699045,6
1331,7.8,0.87,0.26,3.8,0.107,31.0,67.0,0.9966799999999999,3.26,0.46,9.2,-1.0030601187878065,5
1410,6.6,0.96,0.0,1.8,0.08199999999999999,5.0,16.0,0.9936,3.5,0.44,11.9,1.3411562932101928,5
1369,6.6,0.61,0.0,1.6,0.069,4.0,8.0,0.9939600000000001,3.33,0.37,10.4,1.4385466157459885,5
1341,7.5,0.51,0.02,1.7,0.084,13.0,31.0,0.9953799999999999,3.36,0.54,10.5,0.02676260563212203,6
243,15.0,0.21,0.44,2.2,0.075,10.0,24.0,1.00005,3.07,0.84,9.2,0.8552738591875364,7
708,7.8,0.545,0.12,2.5,0.068,11.0,35.0,0.996,3.34,0.61,11.6,0.3641198008560466,6
1176,6.5,0.88,0.03,5.6,0.079,23.0,47.0,0.99572,3.58,0.5,11.2,1.5041470185045416,6
670,6.9,0.4,0.24,2.5,0.083,30.0,45.0,0.9959,3.26,0.58,10.0,-0.30146490418388183,6
427,9.5,0.78,0.22,1.9,0.077,6.0,32.0,0.9988,3.26,0.56,10.6,0.6280778998400273,5
1268,6.9,0.41,0.31,2.0,0.079,21.0,51.0,0.9966799999999999,3.47,0.55,9.5,0.8295332551931632,6
1040,7.4,0.965,0.0,2.2,0.08800000000000001,16.0,32.0,0.99756,3.58,0.67,10.2,1.1051946744800223,3
1336,6.0,0.5,0.0,1.4,0.057,15.0,26.0,0.9944799999999999,3.36,0.45,9.5,-0.018600592191298,5
1453,7.6,0.49,0.33,1.9,0.07400000000000001,27.0,85.0,0.9970600000000001,3.41,0.58,9.0,0.04774897445589024,5
529,9.9,0.63,0.24,2.4,0.077,6.0,33.0,0.9974,3.09,0.57,9.4,1.4660508749569832,5
298,7.2,0.65,0.02,2.3,0.094,5.0,31.0,0.9993,3.67,0.8,9.7,-0.38451861810810095,5
769,7.9,0.72,0.01,1.9,0.076,7.0,32.0,0.9966799999999999,3.39,0.54,9.6,-0.4088299950733138,5
1187,7.0,0.43,0.3,2.0,0.085,6.0,39.0,0.99346,3.33,0.46,11.9,1.992684046078214,6
404,7.7,0.69,0.05,2.7,0.075,15.0,27.0,0.9974,3.26,0.61,9.1,0.07706361162687754,5
749,7.3,0.51,0.18,2.1,0.07,12.0,28.0,0.9976799999999999,3.52,0.73,9.5,2.264801647491003,6
82,7.4,0.5,0.47,2.0,0.086,21.0,73.0,0.997,3.36,0.57,9.1,1.8783064179918216,5
799,9.4,0.5,0.34,3.6,0.08199999999999999,5.0,14.0,0.9987,3.29,0.52,10.7,-0.2211076948461025,5
259,10.0,0.31,0.47,2.6,0.085,14.0,33.0,0.99965,3.36,0.8,10.5,-1.191686070930472,6
1523,6.8,0.48,0.25,2.0,0.076,29.0,61.0,0.9953,3.34,0.6,10.4,2.2290744920418963,6
964,8.5,0.47,0.27,1.9,0.057999999999999996,18.0,38.0,0.99518,3.16,0.85,11.1,2.1282778485864062,5
330,10.2,0.36,0.64,2.9,0.122,10.0,41.0,0.998,3.23,0.66,12.5,-0.26623401627520327,6
1546,7.0,0.57,0.02,2.0,0.07200000000000001,17.0,26.0,0.99575,3.36,0.61,10.2,0.010085146639817017,6
1097,8.6,0.52,0.38,1.5,0.096,5.0,18.0,0.99666,3.2,0.52,9.4,-1.68471807769019,5
505,10.2,0.49,0.63,2.9,0.07200000000000001,10.0,26.0,0.9968,3.16,0.78,12.5,-0.7658520636653509,7
800,7.2,0.61,0.08,4.0,0.08199999999999999,26.0,108.0,0.99641,3.25,0.51,9.4,-1.2939218845482494,5
1136,10.4,0.52,0.45,2.0,0.08,6.0,13.0,0.99774,3.22,0.76,11.4,-0.6089586672347908,6
1479,8.2,0.28,0.6,3.0,0.10400000000000001,10.0,22.0,0.99828,3.39,0.68,10.6,-0.6301914062744184,5
1427,7.6,0.41,0.33,2.5,0.078,6.0,23.0,0.9957,3.3,0.58,11.2,0.48544260934740335,6
1516,6.1,0.32,0.25,2.3,0.071,23.0,58.0,0.9963299999999999,3.42,0.97,10.6,-0.6293523366714973,5
276,6.9,0.54,0.04,3.0,0.077,7.0,27.0,0.9987,3.69,0.91,9.4,-1.4531536529445825,6
0,7.4,0.7,0.0,1.9,0.076,11.0,34.0,0.9978,3.51,0.56,9.4,0.026075466975997597,5
162,7.8,0.53,0.04,1.7,0.076,17.0,31.0,0.9964,3.33,0.56,10.0,-0.17108392383938012,6
315,7.1,0.35,0.29,2.5,0.096,20.0,53.0,0.9962,3.42,0.65,11.0,-0.5607052651740664,5
1189,8.8,0.955,0.05,1.8,0.075,5.0,19.0,0.99616,3.3,0.44,9.6,-1.5567648752210652,5
414,8.8,0.52,0.34,2.7,0.087,24.0,122.0,0.9982,3.26,0.61,9.5,-0.2980799461501622,5
1262,9.8,0.45,0.38,2.5,0.081,34.0,66.0,0.99726,3.15,0.58,9.8,-0.4851089995463268,5
209,11.0,0.3,0.58,2.1,0.054000000000000006,7.0,19.0,0.998,3.31,0.88,10.5,-1.1860886633369654,6
664,12.1,0.4,0.52,2.0,0.092,15.0,54.0,1.0,3.03,0.66,10.2,0.5420158550980352,6
651,9.8,0.88,0.25,2.5,0.10400000000000001,35.0,155.0,1.001,3.41,0.67,11.2,-0.6740083071158914,5
429,12.8,0.84,0.63,2.4,0.08800000000000001,13.0,35.0,0.9997,3.1,0.6,10.4,0.5721249726665734,6
1357,7.3,0.43,0.24,2.5,0.078,27.0,67.0,0.9964799999999999,3.6,0.59,11.1,0.7318440037268642,6
744,11.1,0.39,0.54,2.7,0.095,21.0,101.0,1.0001,3.13,0.51,9.5,-2.0158642956779507,5
1282,7.9,0.765,0.0,2.0,0.084,9.0,22.0,0.9961899999999999,3.33,0.68,10.9,-1.1093136182413592,6
656,10.7,0.43,0.39,2.2,0.106,8.0,32.0,0.9986,2.89,0.5,9.6,-0.7626424450933516,5
377,9.4,0.27,0.53,2.4,0.07400000000000001,6.0,18.0,0.9962,3.2,1.13,12.0,-2.182047962290812,6
620,8.3,0.54,0.24,3.4,0.076,16.0,112.0,0.9976,3.27,0.61,9.4,-0.6759419832647938,5
492,8.9,0.4,0.51,2.6,0.052000000000000005,13.0,27.0,0.995,3.32,0.9,13.4,0.18093962065057645,7
339,12.5,0.28,0.54,2.3,0.08199999999999999,12.0,29.0,0.9997,3.11,1.36,9.8,-0.7609407365032265,6
1393,8.0,0.52,0.25,2.0,0.078,19.0,59.0,0.9961200000000001,3.3,0.48,10.2,-0.6015105380149955,6
155,7.1,0.43,0.42,5.5,0.071,28.0,128.0,0.9973,3.42,0.71,10.5,0.7604067942386581,5
99,8.1,0.545,0.18,1.9,0.08,13.0,35.0,0.9972,3.3,0.59,9.0,-0.769219538267697,6
1438,7.0,0.59,0.0,1.7,0.052000000000000005,3.0,8.0,0.996,3.41,0.47,10.3,1.0218606772309233,5
188,7.9,0.5,0.33,2.0,0.084,15.0,143.0,0.9968,3.2,0.55,9.5,-0.20191012093349928,5
1389,6.7,0.48,0.02,2.2,0.08,36.0,111.0,0.99524,3.1,0.53,9.7,-1.6157632466873544,5
992,6.5,0.4,0.1,2.0,0.076,30.0,47.0,0.99554,3.36,0.48,9.4,0.5243142426477071,5
546,7.5,0.55,0.24,2.0,0.078,10.0,28.0,0.9983,3.45,0.78,9.5,0.1654657512711756,6
269,11.5,0.18,0.51,4.0,0.10400000000000001,4.0,23.0,0.9996,3.28,0.97,10.1,0.10049585157369668,6
432,11.9,0.37,0.69,2.3,0.078,12.0,24.0,0.9958,3.0,0.65,12.8,0.052539052890878846,6
887,10.7,0.52,0.38,2.6,0.066,29.0,56.0,0.99577,3.15,0.79,12.1,-0.17322511752679856,6
885,8.9,0.75,0.14,2.5,0.086,9.0,30.0,0.99824,3.34,0.64,10.5,-0.1862960148516316,6
35,7.8,0.645,0.0,5.5,0.086,5.0,18.0,0.9986,3.4,0.55,9.6,-0.22726234996472716,5
309,7.4,0.29,0.38,1.7,0.062,9.0,30.0,0.9968,3.41,0.53,9.5,-1.2935901100735376,5
2,7.8,0.76,0.04,2.3,0.092,15.0,54.0,0.997,3.26,0.65,9.8,-0.11458170141639494,5
798,9.4,0.5,0.34,3.6,0.08199999999999999,5.0,14.0,0.9987,3.29,0.52,10.7,-1.0154932550095184,5
682,8.5,0.46,0.31,2.25,0.078,32.0,58.0,0.998,3.33,0.54,9.8,-0.4638743631130947,5
307,10.3,0.41,0.42,2.4,0.213,6.0,14.0,0.9994,3.19,0.62,9.5,0.3204691422781214,5
1014,8.0,0.58,0.16,2.0,0.12,3.0,7.0,0.99454,3.22,0.58,11.2,-2.1283330785178967,6
736,7.7,0.965,0.1,2.1,0.11199999999999999,11.0,22.0,0.9963,3.26,0.5,9.5,-0.38443925794076206,5
1102,6.1,0.48,0.09,1.7,0.078,18.0,30.0,0.9940200000000001,3.45,0.54,11.2,1.721452489506331,5
1428,7.8,0.64,0.0,1.9,0.07200000000000001,27.0,55.0,0.9962,3.31,0.63,11.0,0.64583559599727,6
1194,7.0,0.745,0.12,1.8,0.114,15.0,64.0,0.9958799999999999,3.22,0.59,9.5,1.3708651006741002,5
1003,6.8,0.36,0.32,1.8,0.067,4.0,8.0,0.9928,3.36,0.55,12.8,0.446291213818526,7
207,7.8,0.57,0.31,1.8,0.069,26.0,120.0,0.99625,3.29,0.53,9.3,-1.637910882255362,5
308,10.3,0.43,0.44,2.4,0.214,5.0,12.0,0.9994,3.19,0.63,9.5,-0.21313887620017838,5
1430,7.4,0.41,0.24,1.8,0.066,18.0,47.0,0.9956,3.37,0.62,10.4,0.4566050820048077,6
321,9.3,0.61,0.26,3.4,0.09,25.0,87.0,0.99975,3.24,0.62,9.7,-0.3485008166911793,5
584,11.8,0.33,0.49,3.4,0.09300000000000001,54.0,80.0,1.0002,3.3,0.76,10.7,0.8372592924102432,6
1327,6.7,0.46,0.24,1.7,0.077,18.0,34.0,0.9948,3.39,0.6,10.6,-0.9895268110311463,6
190,8.2,0.5,0.35,2.9,0.077,21.0,127.0,0.9976,3.23,0.62,9.4,-1.4379279078069014,5
475,9.6,0.68,0.24,2.2,0.087,5.0,28.0,0.9988,3.14,0.6,10.2,-2.165225947985107,5
1494,6.4,0.31,0.09,1.4,0.066,15.0,28.0,0.99459,3.42,0.7,10.0,-0.07557663248340829,6
959,8.0,0.59,0.05,2.0,0.08900000000000001,12.0,32.0,0.99735,3.36,0.61,10.0,0.419517817235292,6
1576,8.0,0.3,0.63,1.6,0.081,16.0,29.0,0.9958799999999999,3.3,0.78,10.8,0.33506137971671796,6
369,9.4,0.27,0.53,2.4,0.07400000000000001,6.0,18.0,0.9962,3.2,1.13,12.0,-0.5165556842926118,6
299,6.9,0.67,0.06,2.1,0.08,8.0,33.0,0.99845,3.68,0.71,9.6,1.5893868331646386,5
1403,7.2,0.33,0.33,1.7,0.061,3.0,13.0,0.996,3.23,1.1,10.0,0.44091793774058885,6
185,8.9,0.31,0.57,2.0,0.111,26.0,85.0,0.9971,3.26,0.53,9.7,2.0164123900977327,5
1229,7.6,0.43,0.29,2.1,0.075,19.0,66.0,0.99718,3.4,0.64,9.5,-0.46090363440738896,5
1074,7.5,0.77,0.2,8.1,0.098,30.0,92.0,0.99892,3.2,0.58,9.2,0.22569310959308272,5
1062,8.0,0.38,0.44,1.9,0.098,6.0,15.0,0.9956,3.3,0.64,11.4,0.1933995815499027,6
520,9.8,0.25,0.49,2.7,0.08800000000000001,15.0,33.0,0.9982,3.42,0.9,10.0,-0.6193420990479873,6
1397,7.3,0.59,0.26,2.0,0.08,17.0,104.0,0.99584,3.28,0.52,9.9,0.34021872495749805,5
601,13.2,0.46,0.52,2.2,0.071,12.0,35.0,1.0006,3.1,0.56,9.0,0.5575251392117552,6
34,5.2,0.32,0.25,1.8,0.10300000000000001,13.0,50.0,0.9957,3.38,0.55,9.2,-0.9848368689003593,5
355,6.7,0.75,0.01,2.4,0.078,17.0,32.0,0.9955,3.55,0.61,12.8,0.21235811725771112,6
1022,7.0,0.51,0.09,2.1,0.062,4.0,9.0,0.99584,3.35,0.54,10.5,-0.49181978752957095,6
1459,7.9,0.2,0.35,1.7,0.054000000000000006,7.0,15.0,0.9945799999999999,3.32,0.8,11.9,-1.5715659625381642,7
831,5.9,0.61,0.08,2.1,0.071,16.0,24.0,0.9937600000000001,3.56,0.77,11.1,0.10592315731704686,7
460,9.2,0.43,0.52,2.3,0.083,14.0,23.0,0.9976,3.35,0.61,11.3,0.5102418154457263,6
1483,8.1,0.33,0.44,1.5,0.042,6.0,12.0,0.9954200000000001,3.35,0.61,10.7,-1.3285675253108962,6
595,8.9,0.595,0.41,7.9,0.086,30.0,109.0,0.9998,3.27,0.57,9.3,0.04674379218868172,5
1497,6.9,0.74,0.03,2.3,0.054000000000000006,7.0,16.0,0.99508,3.45,0.63,11.5,0.4773548678650401,6
939,6.2,0.46,0.17,1.6,0.073,7.0,11.0,0.99425,3.61,0.54,11.4,-0.18730525439173032,6
605,8.3,0.6,0.13,2.6,0.085,6.0,24.0,0.9984,3.31,0.59,9.2,-1.5986691957408012,5
624,6.8,0.69,0.0,5.6,0.124,21.0,58.0,0.9997,3.46,0.72,10.2,0.28483353053154015,5
1046,7.6,0.78,0.0,1.7,0.076,33.0,45.0,0.9961200000000001,3.31,0.62,10.7,0.6450269839821418,6
748,7.2,0.5,0.18,2.1,0.071,12.0,31.0,0.99761,3.52,0.72,9.6,-1.1632288308982455,6
1328,6.5,0.52,0.11,1.8,0.073,13.0,38.0,0.9955,3.34,0.52,9.3,-1.07547032381311,5
56,10.2,0.42,0.57,3.4,0.07,4.0,10.0,0.9971,3.04,0.63,9.6,-1.0683988503526027,5
360,8.2,0.7,0.23,2.0,0.099,14.0,81.0,0.9973,3.19,0.7,9.4,0.4899082782484003,5
991,7.1,0.34,0.28,2.0,0.08199999999999999,31.0,68.0,0.9969399999999999,3.45,0.48,9.4,0.24430861118423705,5
131,5.6,0.5,0.09,2.3,0.049,17.0,99.0,0.9937,3.63,0.63,13.0,0.9715718178095942,6
923,6.8,0.41,0.31,8.8,0.084,26.0,45.0,0.99824,3.38,0.64,10.1,-1.7293960528845387,6
951,8.3,0.28,0.48,2.1,0.09300000000000001,6.0,12.0,0.99408,3.26,0.62,12.4,0.4928060775338571,6
59,7.3,0.39,0.31,2.4,0.07400000000000001,9.0,46.0,0.9962,3.41,0.54,9.4,-0.22485839431852983,5
757,8.1,0.87,0.0,2.2,0.084,10.0,31.0,0.99656,3.25,0.5,9.8,-1.5700357346545657,5
263,7.9,0.37,0.23,1.8,0.077,23.0,49.0,0.9963,3.28,0.67,9.3,0.30155190518387137,5
1454,11.7,0.45,0.63,2.2,0.073,7.0,23.0,0.99974,3.21,0.69,10.9,-0.31669483168423634,6
138,7.8,0.56,0.19,2.1,0.081,15.0,105.0,0.9962,3.33,0.54,9.5,0.31842870681199786,5
98,7.6,0.9,0.06,2.5,0.079,5.0,10.0,0.9967,3.39,0.56,9.8,1.288813067967121,5
1206,7.2,0.36,0.46,2.1,0.07400000000000001,24.0,44.0,0.99534,3.4,0.85,11.0,-1.0763037491478475,7
684,9.8,0.98,0.32,2.3,0.078,35.0,152.0,0.998,3.25,0.48,9.4,0.7773471561416532,5
1421,7.5,0.4,0.18,1.6,0.079,24.0,58.0,0.9965,3.34,0.58,9.4,0.8805267805383699,6
829,5.9,0.61,0.08,2.1,0.071,16.0,24.0,0.9937600000000001,3.56,0.77,11.1,-1.1453301325790746,7
1148,7.8,0.39,0.42,2.0,0.086,9.0,21.0,0.99526,3.39,0.66,11.6,-0.7249576451960585,6
1052,5.6,0.605,0.05,2.4,0.073,19.0,25.0,0.9925799999999999,3.56,0.55,12.9,1.439886219477407,6
1059,8.9,0.48,0.53,4.0,0.10099999999999999,3.0,10.0,0.9958600000000001,3.21,0.59,12.1,0.5401051842762022,7
486,10.2,0.67,0.39,1.9,0.054000000000000006,6.0,17.0,0.9976,3.17,0.47,10.0,0.922837801098841,5
572,10.2,0.24,0.49,2.4,0.075,10.0,28.0,0.9978,3.14,0.61,10.4,-0.048766518133814336,5
1100,8.4,0.34,0.42,2.1,0.07200000000000001,23.0,36.0,0.99392,3.11,0.78,12.4,-0.8397910012955341,7
275,7.9,0.545,0.06,4.0,0.087,27.0,61.0,0.9965,3.36,0.67,10.7,0.8622175768833522,6
596,12.4,0.4,0.51,2.0,0.059000000000000004,6.0,24.0,0.9994,3.04,0.6,9.3,0.9063608328357352,6
880,9.2,0.56,0.18,1.6,0.078,10.0,21.0,0.9957600000000001,3.15,0.49,9.9,1.2307587449946558,5
258,7.7,0.41,0.76,1.8,0.611,8.0,45.0,0.9968,3.06,1.26,9.4,0.15404289832129966,5
237,7.2,0.645,0.0,1.9,0.09699999999999999,15.0,39.0,0.99675,3.37,0.58,9.2,-0.1996561875184014,6
504,10.5,0.24,0.42,1.8,0.077,6.0,22.0,0.9976,3.21,1.05,10.8,-0.6358358011880736,7
571,6.2,0.36,0.24,2.2,0.095,19.0,42.0,0.9946,3.57,0.57,11.7,1.5493351176745085,6
416,10.6,0.48,0.64,2.2,0.111,6.0,20.0,0.997,3.26,0.66,11.7,-0.40653512637449196,7
1517,6.5,0.53,0.06,2.0,0.063,29.0,44.0,0.9948899999999999,3.38,0.83,10.3,1.2620355012630495,6
1276,8.5,0.4,0.4,6.3,0.05,3.0,10.0,0.99566,3.28,0.56,12.0,-0.04822571941365299,7
1386,7.4,0.64,0.07,1.8,0.1,8.0,23.0,0.9961,3.3,0.58,9.6,1.0203525996115952,5
333,8.4,0.56,0.08,2.1,0.105,16.0,44.0,0.9958,3.13,0.52,11.0,-0.6912764650825163,6
402,12.2,0.48,0.54,2.6,0.085,19.0,64.0,1.0,3.1,0.61,10.5,0.618366232852104,6
1487,6.0,0.64,0.05,1.9,0.066,9.0,17.0,0.9949600000000001,3.52,0.78,10.6,-2.9353101839171507,6
897,7.1,0.59,0.01,2.3,0.08,27.0,43.0,0.9955,3.42,0.58,10.7,-0.9178041788261839,6
525,10.4,0.64,0.24,2.8,0.105,29.0,53.0,0.9998,3.24,0.67,9.9,-0.004998419001097915,5
1288,7.0,0.6,0.3,4.5,0.068,20.0,110.0,0.9991399999999999,3.3,1.17,10.2,-0.9086237251783114,5
1050,7.1,0.43,0.17,1.8,0.08199999999999999,27.0,51.0,0.99634,3.49,0.64,10.4,0.44860428043692363,5
323,10.3,0.59,0.42,2.8,0.09,35.0,73.0,0.9990000000000001,3.28,0.7,9.5,0.3362112086914275,5
663,10.1,0.28,0.46,1.8,0.05,5.0,13.0,0.9974,3.04,0.79,10.2,-0.4223920820049698,7
671,8.2,0.73,0.21,1.7,0.07400000000000001,5.0,13.0,0.9968,3.2,0.52,9.5,0.9653267427179097,5
1376,8.2,0.885,0.2,1.4,0.086,7.0,31.0,0.9946,3.11,0.46,10.0,1.052840190344404,5
702,7.0,0.64,0.02,2.1,0.067,9.0,23.0,0.997,3.47,0.67,9.4,-0.6542836133725558,5
1392,7.1,0.62,0.06,1.3,0.07,5.0,12.0,0.9942,3.17,0.48,9.8,1.2740070899367,5
1093,9.2,0.31,0.36,2.2,0.079,11.0,31.0,0.99615,3.33,0.86,12.0,0.17370037888985326,6
715,7.2,0.49,0.18,2.7,0.069,13.0,34.0,0.9967,3.29,0.48,9.2,-0.939891954981106,5
161,7.6,0.68,0.02,1.3,0.07200000000000001,9.0,20.0,0.9965,3.17,1.08,9.2,0.6567334794432136,5
84,6.3,0.3,0.48,1.8,0.069,18.0,61.0,0.9959,3.44,0.78,10.3,1.3273073390288606,6
482,10.6,0.36,0.59,2.2,0.152,6.0,18.0,0.9986,3.04,1.05,9.4,0.38617253953729097,5
792,7.1,0.61,0.02,2.5,0.081,17.0,87.0,0.99745,3.48,0.6,9.7,0.8203782216095779,5
221,7.4,0.53,0.26,2.0,0.10099999999999999,16.0,72.0,0.9957,3.15,0.57,9.4,1.2643924164042823,5
1183,6.8,0.66,0.07,1.6,0.07,16.0,61.0,0.99572,3.29,0.6,9.3,1.2556530379671367,5
385,7.4,0.63,0.07,2.4,0.09,11.0,37.0,0.9979,3.43,0.76,9.7,-1.56011643118616,5
820,7.0,0.685,0.0,1.9,0.099,9.0,22.0,0.9960600000000001,3.34,0.6,9.7,0.5610875752884255,6
31,6.9,0.685,0.0,2.5,0.105,22.0,37.0,0.9966,3.46,0.57,10.6,0.25712671527537556,5
1219,9.0,0.39,0.4,1.3,0.044000000000000004,25.0,50.0,0.9947799999999999,3.2,0.83,10.9,0.301976476216165,6
673,8.2,0.73,0.21,1.7,0.07400000000000001,5.0,13.0,0.9968,3.2,0.52,9.5,-0.9786548589602351,5
516,12.5,0.6,0.49,4.3,0.1,5.0,14.0,1.001,3.25,0.74,11.9,-1.2615072514335834,5
430,10.5,0.24,0.47,2.1,0.066,6.0,24.0,0.9978,3.15,0.9,11.0,-1.2451348933114812,7
30,6.7,0.675,0.07,2.4,0.08900000000000001,17.0,82.0,0.9958,3.35,0.54,10.1,-0.5721532989970581,6
812,10.8,0.45,0.33,2.5,0.099,20.0,38.0,0.99818,3.24,0.71,10.8,0.17407363456993433,6
600,8.2,0.915,0.27,2.1,0.08800000000000001,7.0,23.0,0.9962,3.26,0.47,10.0,-0.746724226548866,5
1554,6.6,0.855,0.02,2.4,0.062,15.0,23.0,0.9962700000000001,3.54,0.6,11.0,-0.6315434861600001,6
1445,7.4,0.785,0.19,5.2,0.094,19.0,98.0,0.99713,3.16,0.52,9.6,0.20882293318474068,6
1258,6.8,0.64,0.0,2.7,0.12300000000000001,15.0,33.0,0.9953799999999999,3.44,0.63,11.3,-2.1783187343172887,6
755,7.8,0.91,0.07,1.9,0.057999999999999996,22.0,47.0,0.99525,3.51,0.43,10.7,0.20648164728096702,4
1101,7.4,0.49,0.27,2.1,0.071,14.0,25.0,0.9938799999999999,3.35,0.63,12.0,-1.3939704839851228,6
1044,6.4,0.39,0.33,3.3,0.046,12.0,53.0,0.9929399999999999,3.36,0.62,12.2,-0.505921497505158,6
918,8.4,0.36,0.32,2.2,0.081,32.0,79.0,0.9964,3.3,0.72,11.0,-1.01070622419933,6
1436,10.0,0.38,0.38,1.6,0.16899999999999998,27.0,90.0,0.9991399999999999,3.15,0.65,8.5,-0.6649492361710047,5
407,12.0,0.39,0.66,3.0,0.09300000000000001,12.0,30.0,0.9996,3.18,0.63,10.8,0.32533487598851824,6
132,5.6,0.5,0.09,2.3,0.049,17.0,99.0,0.9937,3.63,0.63,13.0,0.1726248990463905,6
179,8.8,0.61,0.14,2.4,0.067,10.0,42.0,0.9969,3.19,0.59,9.5,-0.8924592629617768,5
1474,9.9,0.5,0.5,13.8,0.205,48.0,82.0,1.00242,3.16,0.75,8.8,-0.28692154642721823,5
935,8.8,0.3,0.38,2.3,0.06,19.0,72.0,0.9954299999999999,3.39,0.72,11.8,-0.09504137591492949,7
484,10.6,0.44,0.68,4.1,0.114,6.0,24.0,0.997,3.06,0.66,13.4,0.5975269903976075,7
1396,8.7,0.675,0.1,1.6,0.09,4.0,11.0,0.99745,3.31,0.65,9.55,-1.6485081656405927,6
770,7.1,0.59,0.02,2.3,0.08199999999999999,24.0,94.0,0.99744,3.55,0.53,9.7,-0.23297481324758496,6
381,13.7,0.415,0.68,2.9,0.085,17.0,43.0,1.0014,3.06,0.8,10.0,-0.8020215649686435,6
558,10.9,0.53,0.49,4.6,0.11800000000000001,10.0,17.0,1.0002,3.07,0.56,11.7,-0.1809999359815556,6
783,6.5,0.46,0.14,2.4,0.114,9.0,37.0,0.9973200000000001,3.66,0.65,9.8,-0.6064427755467282,5
960,8.5,0.47,0.27,1.9,0.057999999999999996,18.0,38.0,0.99518,3.16,0.85,11.1,-2.932523847036332,5
752,7.6,0.54,0.13,2.5,0.09699999999999999,24.0,66.0,0.99785,3.39,0.61,9.4,-0.3359236190096952,5
814,12.6,0.41,0.54,2.8,0.10300000000000001,19.0,41.0,0.99939,3.21,0.76,11.3,-0.7895751588694113,6
503,10.5,0.26,0.47,1.9,0.078,6.0,24.0,0.9976,3.18,1.04,10.9,0.3361711785636196,7
638,7.7,0.915,0.12,2.2,0.14300000000000002,7.0,23.0,0.9964,3.35,0.65,10.2,-0.4370607246670156,5
806,8.4,0.25,0.39,2.0,0.040999999999999995,4.0,10.0,0.9938600000000001,3.27,0.71,12.5,1.452219167364687,7
547,10.6,0.31,0.49,2.5,0.067,6.0,21.0,0.9987,3.26,0.86,10.7,0.578434660437534,6
219,7.8,0.53,0.33,2.4,0.08,24.0,144.0,0.99655,3.3,0.6,9.5,0.6012540833531502,5
1387,7.4,0.64,0.07,1.8,0.1,8.0,23.0,0.9961,3.3,0.58,9.6,1.440926691928983,5
1569,6.2,0.51,0.14,1.9,0.055999999999999994,15.0,34.0,0.9939600000000001,3.48,0.57,11.5,-0.32058314951917705,6
840,11.1,0.42,0.47,2.65,0.085,9.0,34.0,0.99736,3.24,0.77,12.1,-0.5429322436865933,7
801,8.6,0.55,0.09,3.3,0.068,8.0,17.0,0.99735,3.23,0.44,10.0,-0.21011798683150246,6
1429,7.9,0.18,0.4,2.2,0.049,38.0,67.0,0.996,3.33,0.93,11.3,1.2662872846746966,6
784,7.1,0.59,0.01,2.5,0.077,20.0,85.0,0.99746,3.55,0.59,9.8,-1.0418620045348583,6
1433,6.1,0.4,0.16,1.8,0.069,11.0,25.0,0.9955,3.42,0.74,10.1,-0.47039115081780886,6
1010,8.9,0.28,0.45,1.7,0.067,7.0,12.0,0.99354,3.25,0.55,12.3,1.298159944211073,6
1382,8.0,0.6,0.22,2.1,0.08,25.0,105.0,0.99613,3.3,0.49,9.9,-2.1240127332485947,5
676,10.8,0.4,0.41,2.2,0.084,7.0,17.0,0.9984,3.08,0.67,9.3,1.1276556994901192,6
577,8.8,0.44,0.49,2.8,0.083,18.0,111.0,0.9982,3.3,0.6,9.5,-0.7373573280985656,5
1021,11.3,0.36,0.66,2.4,0.12300000000000001,3.0,8.0,0.9964200000000001,3.2,0.53,11.9,0.0020823100881251053,6
1207,9.9,0.72,0.55,1.7,0.136,24.0,52.0,0.9975200000000001,3.35,0.94,10.0,-0.014933141825724585,5
1383,8.0,0.6,0.22,2.1,0.08,25.0,105.0,0.99613,3.3,0.49,9.9,0.25182462309886977,5
135,8.4,0.745,0.11,1.9,0.09,16.0,63.0,0.9965,3.19,0.82,9.6,-0.9535944011343551,5
614,9.2,0.755,0.18,2.2,0.14800000000000002,10.0,103.0,0.9969,2.87,1.36,10.2,-0.5941661344192309,5
1149,10.0,0.35,0.47,2.0,0.061,6.0,11.0,0.99585,3.23,0.52,12.0,-0.2533855826664553,6
1166,9.9,0.54,0.26,2.0,0.111,7.0,60.0,0.9970899999999999,2.94,0.98,10.2,0.06403726326931934,6
724,7.5,1.115,0.1,3.1,0.086,5.0,12.0,0.9958,3.54,0.6,11.2,0.583444726374982,4
345,7.0,0.685,0.0,1.9,0.067,40.0,63.0,0.9979,3.6,0.81,9.9,1.3894648972406127,6
497,7.2,0.34,0.32,2.5,0.09,43.0,113.0,0.9966,3.32,0.79,11.1,-0.5447649175901346,5
819,9.1,0.66,0.15,3.2,0.09699999999999999,9.0,59.0,0.99976,3.28,0.54,9.6,0.04410166913144341,5
1164,9.0,0.785,0.24,1.7,0.078,10.0,21.0,0.99692,3.29,0.67,10.0,-0.18264183523119482,5
281,7.7,0.27,0.68,3.5,0.358,5.0,10.0,0.9972,3.25,1.08,9.9,-0.16527918980495257,6
1162,8.5,0.32,0.42,2.3,0.075,12.0,19.0,0.99434,3.14,0.71,11.8,-0.20535889528615042,7
397,11.5,0.59,0.59,2.6,0.087,13.0,49.0,0.9988,3.18,0.65,11.0,1.1472956277919721,6
981,9.5,0.86,0.26,1.9,0.079,13.0,28.0,0.9971200000000001,3.25,0.62,10.0,-0.6521982426221292,6
717,7.6,0.46,0.11,2.6,0.079,12.0,49.0,0.9968,3.21,0.57,10.0,-0.42560654998657405,5
1137,10.4,0.52,0.45,2.0,0.08,6.0,13.0,0.99774,3.22,0.76,11.4,-0.27737551104422004,6
424,7.7,0.96,0.2,2.0,0.047,15.0,60.0,0.9955,3.36,0.44,10.9,-1.1083480957292189,5
639,8.9,0.29,0.35,1.9,0.067,25.0,57.0,0.997,3.18,1.36,10.3,-1.1052282406879745,5
147,7.6,0.49,0.26,1.6,0.23600000000000002,10.0,88.0,0.9968,3.11,0.8,9.3,-1.0247543682952605,5
450,11.9,0.39,0.69,2.8,0.095,17.0,35.0,0.9994,3.1,0.61,10.8,0.5003259294263682,6
1531,6.1,0.705,0.1,2.8,0.081,13.0,28.0,0.99631,3.6,0.66,10.2,0.2021269328441512,5
1504,7.5,0.38,0.57,2.3,0.106,5.0,12.0,0.99605,3.36,0.55,11.4,0.5418188780754871,6
672,9.8,1.24,0.34,2.0,0.079,32.0,151.0,0.998,3.15,0.53,9.5,-0.3207298741899201,5
1416,10.0,0.32,0.59,2.2,0.077,3.0,15.0,0.9994,3.2,0.78,9.6,0.6097199146028912,5
515,8.5,0.655,0.49,6.1,0.122,34.0,151.0,1.001,3.31,1.14,9.3,0.6008170108671014,5
283,8.9,0.4,0.32,5.6,0.087,10.0,47.0,0.9991,3.38,0.77,10.5,-0.11909980522803006,7
653,9.4,0.33,0.59,2.8,0.079,9.0,30.0,0.9976,3.12,0.54,12.0,0.012847450864168735,5
158,7.1,0.68,0.0,2.2,0.073,12.0,22.0,0.9969,3.48,0.5,9.3,-0.2735195560734533,5
334,7.9,0.65,0.01,2.5,0.078,17.0,38.0,0.9963,3.34,0.74,11.7,0.7847877590179452,7
278,10.3,0.32,0.45,6.4,0.073,5.0,13.0,0.9976,3.23,0.82,12.6,-2.2117219919628273,7
1367,6.9,0.54,0.3,2.2,0.08800000000000001,9.0,105.0,0.99725,3.25,1.18,10.5,-0.7025653899111587,5
490,9.3,0.775,0.27,2.8,0.078,24.0,56.0,0.9984,3.31,0.67,10.6,0.21791568092028837,6
134,7.9,1.04,0.05,2.2,0.084,13.0,29.0,0.9959,3.22,0.55,9.9,-0.8942562744873405,5
1018,8.0,0.18,0.37,0.9,0.049,36.0,109.0,0.9900700000000001,2.89,0.44,12.7,-1.6833859851498576,6
1435,10.2,0.54,0.37,15.4,0.214,55.0,95.0,1.00369,3.18,0.77,9.0,-0.1481907810635755,5
1079,7.9,0.3,0.68,8.3,0.05,37.5,278.0,0.99316,3.01,0.51,12.3,-0.8261009962311843,7
513,10.5,0.51,0.64,2.4,0.107,6.0,15.0,0.9973,3.09,0.66,11.8,0.8730108090793937,7
1520,6.5,0.53,0.06,2.0,0.063,29.0,44.0,0.9948899999999999,3.38,0.83,10.3,0.01597079687388272,6
815,10.8,0.45,0.33,2.5,0.099,20.0,38.0,0.99818,3.24,0.71,10.8,-0.6973480262847856,6
919,8.4,0.62,0.12,1.8,0.07200000000000001,38.0,46.0,0.9950399999999999,3.38,0.89,11.8,0.5663421028028658,6
1440,7.2,0.37,0.32,2.0,0.062,15.0,28.0,0.9947,3.23,0.73,11.3,-0.009393974925591866,7
1202,8.6,0.42,0.39,1.8,0.068,6.0,12.0,0.99516,3.35,0.69,11.7,-0.7431887861408972,7
1449,7.2,0.38,0.31,2.0,0.055999999999999994,15.0,29.0,0.99472,3.23,0.76,11.3,1.6514003484742399,7
36,7.8,0.6,0.14,2.4,0.086,3.0,15.0,0.9975,3.42,0.6,10.8,1.5106211050820453,7
1130,9.1,0.6,0.0,1.9,0.057999999999999996,5.0,10.0,0.9977,3.18,0.63,10.4,-0.18289845402439298,6
555,15.5,0.645,0.49,4.2,0.095,10.0,23.0,1.00315,2.92,0.74,11.1,-1.2069861159003763,5
1313,7.0,0.36,0.21,2.3,0.086,20.0,65.0,0.9955799999999999,3.4,0.54,10.1,0.5427478570196447,6
63,7.0,0.735,0.05,2.0,0.081,13.0,54.0,0.9966,3.39,0.57,9.8,0.22214265059512378,5
604,8.3,0.58,0.13,2.9,0.096,14.0,63.0,0.9984,3.17,0.62,9.1,0.04121729332382879,6
226,8.9,0.59,0.5,2.0,0.337,27.0,81.0,0.9964,3.04,1.61,9.5,-0.39187924479943,5
983,9.1,0.5,0.3,1.9,0.065,8.0,17.0,0.99774,3.32,0.71,10.5,-0.008881407332004133,6
289,11.6,0.42,0.53,3.3,0.105,33.0,98.0,1.001,3.2,0.95,9.2,-0.17372666520566904,5
320,9.8,0.66,0.39,3.2,0.083,21.0,59.0,0.9989,3.37,0.71,11.5,-0.7849535004763194,7
1181,9.8,0.39,0.43,1.65,0.068,5.0,11.0,0.9947799999999999,3.19,0.46,11.4,0.1272999252352427,6
818,7.1,0.715,0.0,2.35,0.071,21.0,47.0,0.9963200000000001,3.29,0.45,9.4,-0.3705337283115852,5
474,10.5,0.28,0.51,1.7,0.08,10.0,24.0,0.9982,3.2,0.89,9.4,-1.6573426438700978,6
632,7.6,0.41,0.14,3.0,0.087,21.0,43.0,0.9964,3.32,0.57,10.5,1.4316976970080688,5
640,9.9,0.54,0.45,2.3,0.071,16.0,40.0,0.9991,3.39,0.62,9.4,0.018392673494623927,5
944,8.3,0.3,0.49,3.8,0.09,11.0,24.0,0.99498,3.27,0.64,12.1,0.585449963484559,6
678,8.3,0.78,0.1,2.6,0.081,45.0,87.0,0.9983,3.48,0.53,10.0,0.8588971096374246,5
1173,7.6,0.36,0.31,1.7,0.079,26.0,65.0,0.99716,3.46,0.62,9.5,2.0556302762584364,6
778,8.3,0.43,0.3,3.4,0.079,7.0,34.0,0.9978799999999999,3.36,0.61,10.5,2.7424254252889217,6
1349,6.9,0.57,0.0,2.8,0.081,21.0,41.0,0.99518,3.41,0.52,10.8,-1.1918215827942964,5
849,6.4,0.63,0.21,1.6,0.08,12.0,32.0,0.9968899999999999,3.58,0.66,9.8,0.5368985367928568,5
1597,5.9,0.645,0.12,2.0,0.075,32.0,44.0,0.9954700000000001,3.57,0.71,10.2,-1.0209126530880952,6
1064,8.2,0.74,0.09,2.0,0.067,5.0,10.0,0.99418,3.28,0.57,11.8,2.3779358357566056,6
655,9.7,0.55,0.17,2.9,0.087,20.0,53.0,1.0004,3.14,0.61,9.4,-0.4549228092812525,5
157,7.1,0.43,0.42,5.5,0.071,28.0,128.0,0.9973,3.42,0.71,10.5,1.6264263852749017,5
1471,6.7,0.7,0.08,3.75,0.067,8.0,16.0,0.99334,3.43,0.52,12.6,-0.6934026010826961,6
445,9.5,0.735,0.1,2.1,0.079,6.0,31.0,0.9986,3.23,0.56,10.1,-0.8057797184039875,5
1180,8.2,0.35,0.33,2.4,0.076,11.0,47.0,0.9959899999999999,3.27,0.81,11.0,0.027267961906803643,6
232,8.5,0.37,0.2,2.8,0.09,18.0,58.0,0.998,3.34,0.7,9.6,0.4566742562461992,6
329,10.7,0.46,0.39,2.0,0.061,7.0,15.0,0.9981,3.18,0.62,9.5,-0.6173462330627355,6
1138,7.5,0.41,0.15,3.7,0.10400000000000001,29.0,94.0,0.9978600000000001,3.14,0.58,9.1,0.20430595300401239,5
1463,6.9,0.63,0.01,2.4,0.076,14.0,39.0,0.9952200000000001,3.34,0.53,10.8,-0.5739367185518619,6
127,8.1,1.33,0.0,1.8,0.08199999999999999,3.0,12.0,0.9964,3.54,0.48,10.9,0.18051783278433436,5
834,8.8,0.685,0.26,1.6,0.08800000000000001,16.0,23.0,0.9969399999999999,3.32,0.47,9.4,-0.2650293092729067,5
479,9.4,0.685,0.11,2.7,0.077,6.0,31.0,0.9984,3.19,0.7,10.1,-0.31565367351314055,5
442,15.6,0.685,0.76,3.7,0.1,6.0,43.0,1.0032,2.95,0.68,11.2,-0.46329363533091544,5
1346,6.1,0.59,0.01,2.1,0.055999999999999994,5.0,13.0,0.99472,3.52,0.56,11.4,2.6617203906889197,5
1193,6.4,0.885,0.0,2.3,0.166,6.0,12.0,0.99551,3.56,0.51,10.8,1.0984829392734379,5
41,8.8,0.61,0.3,2.8,0.08800000000000001,17.0,46.0,0.9976,3.26,0.51,9.3,1.1310724268202055,5
808,7.4,0.53,0.12,1.9,0.165,4.0,12.0,0.99702,3.26,0.86,9.2,0.9740560336187133,6
1348,7.2,0.655,0.03,1.8,0.078,7.0,12.0,0.99587,3.34,0.39,9.5,2.2182322750626864,5
920,9.6,0.41,0.37,2.3,0.091,10.0,23.0,0.9978600000000001,3.24,0.56,10.5,-0.521004260351888,5
947,8.3,0.28,0.48,2.1,0.09300000000000001,6.0,12.0,0.99408,3.26,0.62,12.4,1.0710443167992965,6
1594,6.2,0.6,0.08,2.0,0.09,32.0,44.0,0.9949,3.45,0.58,10.5,-0.07813638270874994,6
758,8.1,0.87,0.0,2.2,0.084,10.0,31.0,0.99656,3.25,0.5,9.8,0.306634996833983,5
697,7.0,0.65,0.02,2.1,0.066,8.0,25.0,0.9972,3.47,0.67,9.5,-0.45416844342895313,6
102,8.1,0.545,0.18,1.9,0.08,13.0,35.0,0.9972,3.3,0.59,9.0,0.222826449859291,6
660,7.2,0.52,0.07,1.4,0.07400000000000001,5.0,20.0,0.9973,3.32,0.81,9.6,1.0689451442314917,6
825,7.1,0.46,0.14,2.8,0.076,15.0,37.0,0.99624,3.36,0.49,10.7,-1.25841444341066,5
852,8.0,0.42,0.32,2.5,0.08,26.0,122.0,0.9980100000000001,3.22,1.07,9.7,1.000160453528591,5
566,8.7,0.7,0.24,2.5,0.226,5.0,15.0,0.9991,3.32,0.6,9.0,2.2280447063835322,6
738,9.0,0.46,0.23,2.8,0.092,28.0,104.0,0.9983,3.1,0.56,9.2,-0.36642938955724486,5
338,12.4,0.49,0.58,3.0,0.10300000000000001,28.0,99.0,1.0008,3.16,1.0,11.5,0.21960196263404694,5
643,9.5,0.59,0.44,2.3,0.071,21.0,68.0,0.9992,3.46,0.63,9.5,0.028818789966164226,5
373,7.4,0.55,0.22,2.2,0.106,12.0,72.0,0.9959,3.05,0.63,9.2,0.2123391356899639,5
1394,6.4,0.57,0.14,3.9,0.07,27.0,73.0,0.99669,3.32,0.48,9.2,0.22755823411465953,5
857,8.2,0.26,0.34,2.5,0.073,16.0,47.0,0.9959399999999999,3.4,0.78,11.3,-0.6651079986282848,6
608,10.1,0.65,0.37,5.1,0.11,11.0,65.0,1.0026,3.32,0.64,10.4,2.0411537625400387,5
1196,7.9,0.58,0.23,2.3,0.076,23.0,94.0,0.9968600000000001,3.21,0.58,9.5,0.6386744942721643,6
956,9.0,0.36,0.52,2.1,0.111,5.0,10.0,0.9956799999999999,3.31,0.62,11.3,0.7133046746313094,6
96,6.8,0.775,0.0,3.0,0.102,8.0,23.0,0.9965,3.45,0.56,10.7,-1.0295168963158905,6
388,7.8,0.46,0.26,1.9,0.08800000000000001,23.0,53.0,0.9981,3.43,0.74,9.2,-0.10535157001277817,6
974,8.8,0.33,0.41,5.9,0.073,7.0,13.0,0.9965799999999999,3.3,0.62,12.1,-1.0511068313598364,6
1188,6.7,0.64,0.23,2.1,0.08,11.0,119.0,0.9953799999999999,3.36,0.7,10.9,-0.2649654720984449,5
58,7.8,0.59,0.18,2.3,0.076,17.0,54.0,0.9975,3.43,0.59,10.0,-0.14155147909855614,6
996,5.6,0.66,0.0,2.2,0.087,3.0,11.0,0.9937799999999999,3.71,0.63,12.8,3.8420813197284596,7
79,8.3,0.625,0.2,1.5,0.08,27.0,119.0,0.9972,3.16,1.12,9.1,0.6369371791691343,5
877,7.7,0.715,0.01,2.1,0.064,31.0,43.0,0.99371,3.41,0.57,11.8,1.1798925373760834,6
409,12.5,0.46,0.49,4.5,0.07,26.0,49.0,0.9981,3.05,0.57,9.6,-0.8091218973983525,5
491,9.2,0.41,0.5,2.5,0.055,12.0,25.0,0.9952,3.34,0.79,13.3,-0.2325690449611889,7
395,12.0,0.37,0.76,4.2,0.066,7.0,38.0,1.0004,3.22,0.6,13.0,-0.5195384245163778,6
860,7.2,0.62,0.06,2.7,0.077,15.0,85.0,0.99746,3.51,0.54,9.5,-0.489695567501399,5
746,8.2,0.34,0.38,2.5,0.08,12.0,57.0,0.9978,3.3,0.47,9.0,-1.2578502384546684,5
1303,8.0,0.28,0.44,1.8,0.081,28.0,68.0,0.9950100000000001,3.36,0.66,11.2,0.31673003755907553,6
1150,8.2,0.33,0.32,2.8,0.067,4.0,12.0,0.9947299999999999,3.3,0.76,12.8,0.8829806434884698,7
203,7.0,0.42,0.35,1.6,0.08800000000000001,16.0,39.0,0.9961,3.34,0.55,9.2,1.5061799519528176,5
1420,7.8,0.53,0.01,1.6,0.077,3.0,19.0,0.995,3.16,0.46,9.8,1.012970343840847,6
233,6.9,0.52,0.25,2.6,0.081,10.0,37.0,0.99685,3.46,0.5,11.0,1.1672440809665365,5
965,8.3,0.34,0.4,2.4,0.065,24.0,48.0,0.99554,3.34,0.86,11.0,2.664471448826346,7
1253,7.9,0.66,0.0,1.4,0.096,6.0,13.0,0.99569,3.43,0.58,9.5,0.382570826267663,5
1492,6.2,0.65,0.06,1.6,0.05,6.0,18.0,0.9934799999999999,3.57,0.54,11.95,0.14915480698736489,5
60,8.8,0.4,0.4,2.2,0.079,19.0,52.0,0.998,3.44,0.64,9.2,-0.7355952560082405,5
714,9.9,0.74,0.28,2.6,0.078,21.0,77.0,0.998,3.28,0.51,9.8,-1.6281958580395486,5
1460,6.4,0.42,0.09,2.3,0.054000000000000006,34.0,64.0,0.99724,3.41,0.68,10.4,-0.2358804977105499,6
325,10.0,0.49,0.2,11.0,0.071,13.0,50.0,1.0015,3.16,0.69,9.2,1.5114831865485392,6
1489,6.2,0.57,0.1,2.1,0.048,4.0,11.0,0.9944799999999999,3.44,0.76,10.8,1.9941743764812503,7
169,7.5,0.705,0.24,1.8,0.36,15.0,63.0,0.9964,3.0,1.59,9.5,-1.0703546219830544,5
371,7.9,0.24,0.4,1.6,0.055999999999999994,11.0,25.0,0.9967,3.32,0.87,8.7,0.04567739049999805,6
437,11.1,0.45,0.73,3.2,0.066,6.0,22.0,0.9986,3.17,0.66,11.2,-1.0725863897031482,6
422,7.7,0.96,0.2,2.0,0.047,15.0,60.0,0.9955,3.36,0.44,10.9,0.511810946073141,5
1203,9.9,0.74,0.19,5.8,0.111,33.0,76.0,0.9987799999999999,3.14,0.55,9.4,-1.2775654059861374,5
493,8.7,0.69,0.31,3.0,0.086,23.0,81.0,1.0002,3.48,0.74,11.6,1.2254499330536146,6
1337,6.0,0.5,0.0,1.4,0.057,15.0,26.0,0.9944799999999999,3.36,0.45,9.5,-0.43693873212935574,5
83,7.3,0.67,0.26,1.8,0.401,16.0,51.0,0.9969,3.16,1.14,9.4,-0.32951667625770537,5
1160,10.6,0.36,0.57,2.3,0.087,6.0,20.0,0.9967600000000001,3.14,0.72,11.1,-0.8020128633493814,7
1048,9.3,0.49,0.36,1.7,0.081,3.0,14.0,0.99702,3.27,0.78,10.9,-0.45953051755398244,5
1094,6.6,0.725,0.09,5.5,0.11699999999999999,9.0,17.0,0.99655,3.35,0.49,10.8,2.4407691460038454,6
657,12.0,0.5,0.59,1.4,0.073,23.0,42.0,0.998,2.92,0.68,10.5,-1.7802414734369327,6
1399,7.2,0.67,0.0,2.2,0.068,10.0,24.0,0.9956,3.42,0.72,11.1,-1.078117838428265,7
1584,6.7,0.32,0.44,2.4,0.061,24.0,34.0,0.99484,3.29,0.8,11.6,-0.10711734608735426,6
813,6.9,0.39,0.24,2.1,0.102,4.0,7.0,0.9946200000000001,3.44,0.58,11.4,0.9534655670350273,6
1125,8.8,0.24,0.35,1.7,0.055,13.0,27.0,0.9939399999999999,3.14,0.59,11.3,-0.1483059856610918,5
5,7.4,0.66,0.0,1.8,0.075,13.0,40.0,0.9978,3.51,0.56,9.4,1.0988905364120056,5
512,10.7,0.4,0.48,2.1,0.125,15.0,49.0,0.998,3.03,0.81,9.7,0.7364420789271784,5
848,6.4,0.64,0.21,1.8,0.081,14.0,31.0,0.9968899999999999,3.59,0.66,9.8,-0.3103046895140587,5
1209,6.2,0.39,0.43,2.0,0.071,14.0,24.0,0.9942799999999999,3.45,0.87,11.2,-1.806800969673604,6
167,7.3,0.55,0.03,1.6,0.07200000000000001,17.0,42.0,0.9956,3.37,0.48,9.0,-2.5197912752695,5
335,11.9,0.695,0.53,3.4,0.128,7.0,21.0,0.9992,3.17,0.84,12.2,-0.6060560549254848,6
1572,7.3,0.69,0.32,2.2,0.069,35.0,104.0,0.9963200000000001,3.33,0.51,9.5,-0.24878707728324168,5
826,7.5,0.27,0.34,2.3,0.05,4.0,8.0,0.9951,3.4,0.64,11.0,0.8428981091982924,7
802,5.1,0.585,0.0,1.7,0.044000000000000004,14.0,86.0,0.99264,3.56,0.94,12.9,2.155658610601991,7
929,8.7,0.33,0.38,3.3,0.063,10.0,19.0,0.9946799999999999,3.3,0.73,12.0,0.5985670642586545,7
7,7.3,0.65,0.0,1.2,0.065,15.0,21.0,0.9946,3.39,0.47,10.0,-0.6971722526988015,5
879,7.2,0.6,0.04,2.5,0.076,18.0,88.0,0.99745,3.53,0.55,9.5,-1.0681095110629735,5
27,7.9,0.43,0.21,1.6,0.106,10.0,37.0,0.9966,3.17,0.91,9.5,-0.3931254184469586,5
469,8.7,0.82,0.02,1.2,0.07,36.0,48.0,0.9952,3.2,0.58,9.8,-0.28264081469198843,5
712,8.7,0.69,0.0,3.2,0.084,13.0,33.0,0.9992,3.36,0.45,9.4,0.7574048712204775,5
22,7.9,0.43,0.21,1.6,0.106,10.0,37.0,0.9966,3.17,0.91,9.5,1.1317864765031354,5
372,9.1,0.28,0.48,1.8,0.067,26.0,46.0,0.9967,3.32,1.04,10.6,1.4638102373826822,6
927,8.4,0.67,0.19,2.2,0.09300000000000001,11.0,75.0,0.99736,3.2,0.59,9.2,0.20202726377765987,5
1425,8.3,0.26,0.37,1.4,0.076,8.0,23.0,0.9974,3.26,0.7,9.6,0.9093325321305556,6
658,7.2,0.52,0.07,1.4,0.07400000000000001,5.0,20.0,0.9973,3.32,0.81,9.6,-0.6041111055523051,6
1152,8.3,0.6,0.25,2.2,0.11800000000000001,9.0,38.0,0.99616,3.15,0.53,9.8,1.2984190932197248,5
214,7.8,0.735,0.08,2.4,0.092,10.0,41.0,0.9974,3.24,0.71,9.8,-0.9383832222284925,5
1417,7.3,0.34,0.33,2.5,0.064,21.0,37.0,0.9952,3.35,0.77,12.1,-1.003007890438883,7
1592,6.3,0.51,0.13,2.3,0.076,29.0,40.0,0.99574,3.42,0.75,11.0,0.5568202137538215,6
1201,7.9,0.34,0.36,1.9,0.065,5.0,10.0,0.99419,3.27,0.54,11.2,0.03296502055684863,6
990,7.7,0.39,0.12,1.7,0.09699999999999999,19.0,27.0,0.9959600000000001,3.16,0.49,9.4,0.45261549231526005,5
354,6.1,0.21,0.4,1.4,0.066,40.5,165.0,0.9912,3.25,0.59,11.9,0.5572808919577998,6
1157,5.1,0.51,0.18,2.1,0.042,16.0,101.0,0.9924,3.46,0.87,12.9,-1.5987580266926082,7
328,13.4,0.27,0.62,2.6,0.08199999999999999,6.0,21.0,1.0002,3.16,0.67,9.7,0.36357568232840093,5
1232,7.6,0.43,0.29,2.1,0.075,19.0,66.0,0.99718,3.4,0.64,9.5,1.7164807398018342,5
37,8.1,0.38,0.28,2.1,0.066,13.0,30.0,0.9968,3.23,0.73,9.7,0.9386847092814201,6
1378,7.2,0.45,0.15,2.0,0.078,10.0,28.0,0.9960899999999999,3.29,0.51,9.9,-0.7792817393016392,5
1255,6.1,0.64,0.02,2.4,0.069,26.0,46.0,0.9935799999999999,3.47,0.45,11.0,0.041961029206819926,5
124,7.8,0.5,0.17,1.6,0.08199999999999999,21.0,102.0,0.996,3.39,0.48,9.5,1.8733874920132663,5
1564,7.2,0.695,0.13,2.0,0.076,12.0,20.0,0.99546,3.29,0.54,10.1,0.7932092706520579,5
1395,8.6,0.685,0.1,1.6,0.092,3.0,12.0,0.99745,3.31,0.65,9.55,1.032206612040664,5
202,6.8,0.5,0.11,1.5,0.075,16.0,49.0,0.99545,3.36,0.79,9.5,1.164436502687448,5
1450,7.2,0.37,0.32,2.0,0.062,15.0,28.0,0.9947,3.23,0.73,11.3,0.8662885133221419,7
1448,6.9,0.58,0.01,1.9,0.08,40.0,54.0,0.9968299999999999,3.4,0.73,9.7,0.46763596238521093,5
1402,7.6,0.3,0.42,2.0,0.052000000000000005,6.0,24.0,0.9963,3.44,0.82,11.9,1.1930496546791198,6
1501,7.8,0.82,0.29,4.3,0.083,21.0,64.0,0.9964200000000001,3.16,0.53,9.4,0.945847915512896,5
924,8.6,0.47,0.27,2.3,0.055,14.0,28.0,0.99516,3.18,0.8,11.2,-0.20624945185962573,5
306,7.6,0.62,0.32,2.2,0.08199999999999999,7.0,54.0,0.9966,3.36,0.52,9.4,0.026295342818845942,5
425,6.6,0.84,0.03,2.3,0.059000000000000004,32.0,48.0,0.9952,3.52,0.56,12.3,-0.7104436945869513,7
1418,7.8,0.53,0.01,1.6,0.077,3.0,19.0,0.995,3.16,0.46,9.8,-0.19767060423737287,6
1264,8.5,0.37,0.32,1.8,0.066,26.0,51.0,0.99456,3.38,0.72,11.8,0.21539688661265682,7
200,9.6,0.32,0.47,1.4,0.055999999999999994,9.0,24.0,0.99695,3.22,0.82,10.3,0.5066257228119201,6
1226,7.5,0.58,0.03,4.1,0.08,27.0,46.0,0.99592,3.02,0.47,9.2,0.19047849857891574,5
1123,10.7,0.4,0.37,1.9,0.081,17.0,29.0,0.99674,3.12,0.65,11.2,-1.623536015801385,6
1252,7.1,0.72,0.0,1.8,0.12300000000000001,6.0,14.0,0.9962700000000001,3.45,0.58,9.8,0.42381058784692194,5
370,6.9,0.765,0.02,2.3,0.063,35.0,63.0,0.9975,3.57,0.78,9.9,0.5123337991842176,6
1145,8.2,0.2,0.43,2.5,0.076,31.0,51.0,0.99672,3.53,0.81,10.4,-0.09785329253423844,6
544,14.3,0.31,0.74,1.8,0.075,6.0,15.0,1.0008,2.86,0.79,8.4,1.0066461334913108,6
1113,8.9,0.24,0.39,1.6,0.07400000000000001,3.0,10.0,0.99698,3.12,0.59,9.5,-0.8182841898719535,5
896,8.3,0.31,0.39,2.4,0.078,17.0,43.0,0.99444,3.31,0.77,12.5,-0.3912847357846737,7
235,7.2,0.63,0.0,1.9,0.09699999999999999,14.0,38.0,0.99675,3.37,0.58,9.0,0.7048795070931011,6
62,7.5,0.52,0.16,1.9,0.085,12.0,35.0,0.9968,3.38,0.62,9.5,0.9586426766708593,6
936,8.8,0.3,0.38,2.3,0.06,19.0,72.0,0.9954299999999999,3.39,0.72,11.8,-0.8010028419691737,7
444,5.3,0.57,0.01,1.7,0.054000000000000006,5.0,27.0,0.9934,3.57,0.84,12.5,-0.8791299313886495,7
1297,7.2,0.53,0.14,2.1,0.064,15.0,29.0,0.99323,3.35,0.61,12.1,0.07935437944578294,6
1388,6.6,0.64,0.31,6.1,0.083,7.0,49.0,0.99718,3.35,0.68,10.3,0.625102016141377,6
1244,5.9,0.29,0.25,13.4,0.067,72.0,160.0,0.99721,3.33,0.54,10.3,1.1639924981407237,5
1141,8.2,0.38,0.32,2.5,0.08,24.0,71.0,0.99624,3.27,0.85,11.0,-0.9709696229979169,6
1490,7.1,0.22,0.49,1.8,0.039,8.0,18.0,0.99344,3.39,0.56,12.4,0.32968882483843315,6
681,8.0,0.45,0.23,2.2,0.094,16.0,29.0,0.9962,3.21,0.49,10.2,1.1144900063410323,5
418,11.9,0.38,0.51,2.0,0.121,7.0,20.0,0.9996,3.24,0.76,10.4,-0.4870755940991211,5
16,8.5,0.28,0.56,1.8,0.092,35.0,103.0,0.9969,3.3,0.75,10.5,0.3692554635205308,5
487,10.2,0.645,0.36,1.8,0.053,5.0,14.0,0.9982,3.17,0.42,10.0,1.2864192703627888,5
899,8.3,1.02,0.02,3.4,0.084,6.0,11.0,0.99892,3.48,0.49,11.0,0.7751368295206067,5
1090,10.0,0.26,0.54,1.9,0.083,42.0,74.0,0.99451,2.98,0.63,11.8,0.08110361543026395,6
797,9.3,0.37,0.44,1.6,0.038,21.0,42.0,0.99526,3.24,0.81,10.8,-2.3922055925121737,7
704,9.1,0.765,0.04,1.6,0.078,4.0,14.0,0.998,3.29,0.54,9.7,1.4781866819664942,5
1082,7.2,0.38,0.3,1.8,0.073,31.0,70.0,0.99685,3.42,0.59,9.5,0.6960286604115885,6
419,6.8,0.77,0.0,1.8,0.066,34.0,52.0,0.9976,3.62,0.68,9.9,1.1982919110899255,6
1031,7.3,0.55,0.01,1.8,0.09300000000000001,9.0,15.0,0.9951399999999999,3.35,0.58,11.0,-0.51517816732351,7
1413,9.9,0.57,0.25,2.0,0.10400000000000001,12.0,89.0,0.9963,3.04,0.9,10.1,1.6191939122751657,5
1065,7.7,0.61,0.18,2.4,0.083,6.0,20.0,0.9963,3.29,0.6,10.2,0.6947819510453028,5
40,7.3,0.45,0.36,5.9,0.07400000000000001,12.0,87.0,0.9978,3.33,0.83,10.5,-1.9874399706324728,5
1294,8.2,0.635,0.1,2.1,0.073,25.0,60.0,0.9963799999999999,3.29,0.75,10.9,0.9228538907803494,6
1230,7.7,0.18,0.34,2.7,0.066,15.0,58.0,0.9947,3.37,0.78,11.8,0.7412993817314609,7
1351,7.2,0.62,0.01,2.3,0.065,8.0,46.0,0.9933200000000001,3.32,0.51,11.8,0.04186566803038786,6
1155,8.3,0.6,0.25,2.2,0.11800000000000001,9.0,38.0,0.99616,3.15,0.53,9.8,-0.2687917084520359,5
905,9.2,0.58,0.2,3.0,0.081,15.0,115.0,0.998,3.23,0.59,9.5,0.10290062793186729,5
1225,9.2,0.46,0.23,2.6,0.091,18.0,77.0,0.9992200000000001,3.15,0.51,9.4,0.6786030266395038,5
172,8.0,0.42,0.17,2.0,0.073,6.0,18.0,0.9972,3.29,0.61,9.2,-1.0026059764104343,6
242,7.7,0.58,0.1,1.8,0.102,28.0,109.0,0.99565,3.08,0.49,9.8,-0.568705135040697,5
1329,7.4,0.6,0.26,2.1,0.083,17.0,91.0,0.99616,3.29,0.56,9.8,0.3756347005570209,6
1434,10.2,0.54,0.37,15.4,0.214,55.0,95.0,1.00369,3.18,0.77,9.0,0.9630864592273074,5
995,7.7,0.6,0.06,2.0,0.079,19.0,41.0,0.99697,3.39,0.62,10.1,1.3882053319214254,5
914,7.3,0.305,0.39,1.2,0.059000000000000004,7.0,11.0,0.99331,3.29,0.52,11.5,1.5602985590429732,6
730,9.5,0.55,0.66,2.3,0.387,12.0,37.0,0.9982,3.17,0.67,9.6,-1.220230618217933,5
262,8.0,0.52,0.03,1.7,0.07,10.0,35.0,0.99575,3.34,0.57,10.0,-0.42511091944890267,6
1234,7.1,0.75,0.01,2.2,0.059000000000000004,11.0,18.0,0.9924200000000001,3.39,0.4,12.8,1.2983869147056257,6
194,7.6,0.55,0.21,2.2,0.071,7.0,28.0,0.9964,3.28,0.55,9.7,1.2238023085314667,5
61,7.7,0.69,0.49,1.8,0.115,20.0,112.0,0.9968,3.21,0.71,9.3,-0.44390361170477743,5
1190,9.1,0.4,0.57,4.6,0.08,6.0,20.0,0.9965200000000001,3.28,0.57,12.5,0.27339744019537215,6
591,6.6,0.39,0.49,1.7,0.07,23.0,149.0,0.9922,3.12,0.5,11.5,0.2823933251161537,6
19,7.9,0.32,0.51,1.8,0.341,17.0,56.0,0.9969,3.04,1.08,9.2,0.3946394039038073,5
74,9.7,0.32,0.54,2.5,0.094,28.0,83.0,0.9984,3.28,0.82,9.6,-1.4078096043827029,5
742,6.5,0.615,0.0,1.9,0.065,9.0,18.0,0.9972,3.46,0.65,9.2,1.3740212362150115,5
1095,9.4,0.4,0.47,2.5,0.087,6.0,20.0,0.99772,3.15,0.5,10.5,0.3262693366053066,5
439,7.0,0.62,0.18,1.5,0.062,7.0,50.0,0.9951,3.08,0.6,9.3,0.15306066769629625,5
961,7.1,0.56,0.14,1.6,0.078,7.0,18.0,0.99592,3.27,0.62,9.3,0.029248102105717676,5
1311,6.5,0.51,0.15,3.0,0.064,12.0,27.0,0.9929,3.33,0.59,12.8,-0.25657917753139925,6
1008,8.9,0.35,0.4,3.6,0.11,12.0,24.0,0.99549,3.23,0.7,12.0,1.2426997136760636,7
862,7.5,0.42,0.32,2.7,0.067,7.0,25.0,0.9962799999999999,3.24,0.44,10.4,-0.17336664019631243,5
1365,7.8,0.5,0.09,2.2,0.115,10.0,42.0,0.9971,3.18,0.62,9.5,0.4610517932462017,6
883,7.2,0.6,0.04,2.5,0.076,18.0,88.0,0.99745,3.53,0.55,9.5,0.29979529392790627,5
1238,8.1,0.73,0.0,2.5,0.081,12.0,24.0,0.99798,3.38,0.46,9.6,0.6442261859359971,5
300,7.5,0.53,0.06,2.6,0.086,20.0,44.0,0.9965,3.38,0.59,10.7,0.9356092998488725,6
809,7.6,0.48,0.31,2.8,0.07,4.0,15.0,0.9969299999999999,3.22,0.55,10.3,-0.8177872059193942,5
255,8.0,0.57,0.23,3.2,0.073,17.0,119.0,0.99675,3.26,0.57,9.3,0.01425272435185126,5
376,11.5,0.45,0.5,3.0,0.078,19.0,47.0,1.0003,3.26,1.11,11.0,0.6108328919831725,6
1239,6.5,0.67,0.0,4.3,0.057,11.0,20.0,0.9948799999999999,3.45,0.56,11.8,-0.7112031346060905,6
280,11.4,0.26,0.44,3.6,0.071,6.0,19.0,0.9986,3.12,0.82,9.3,0.6895990429466246,6
326,11.6,0.53,0.66,3.65,0.121,6.0,14.0,0.9978,3.05,0.74,11.5,-0.34253411434293396,7
1290,7.6,0.74,0.0,1.9,0.1,6.0,12.0,0.99521,3.36,0.59,11.0,0.19753593212917808,6
